video_id,label,split,attack_type,support_type,environment,client_id,dataset_name,score
devel__attack__fixed__attack_highdef_client003_session01_highdef_photo_adverse,1,devel,photo,fixed,adverse,client003,replay-attack,0.999705585566434
devel__attack__fixed__attack_highdef_client003_session01_highdef_photo_controlled,1,devel,photo,fixed,controlled,client003,replay-attack,0.999545465816151
devel__attack__fixed__attack_highdef_client003_session01_highdef_video_adverse,1,devel,video,fixed,adverse,client003,replay-attack,0.9997028274969622
devel__attack__fixed__attack_highdef_client003_session01_highdef_video_controlled,1,devel,video,fixed,controlled,client003,replay-attack,0.9994374459440057
devel__attack__fixed__attack_highdef_client005_session01_highdef_photo_adverse,1,devel,photo,fixed,adverse,client005,replay-attack,0.999761315909299
devel__attack__fixed__attack_highdef_client005_session01_highdef_photo_controlled,1,devel,photo,fixed,controlled,client005,replay-attack,0.9996462843634866
devel__attack__fixed__attack_highdef_client005_session01_highdef_video_adverse,1,devel,video,fixed,adverse,client005,replay-attack,0.999722811308774
devel__attack__fixed__attack_highdef_client005_session01_highdef_video_controlled,1,devel,video,fixed,controlled,client005,replay-attack,0.9997038299387152
devel__attack__fixed__attack_highdef_client010_session01_highdef_photo_adverse,1,devel,photo,fixed,adverse,client010,replay-attack,0.99983257597143
devel__attack__fixed__attack_highdef_client010_session01_highdef_photo_controlled,1,devel,photo,fixed,controlled,client010,replay-attack,0.9996894164518877
devel__attack__fixed__attack_highdef_client010_session01_highdef_video_adverse,1,devel,video,fixed,adverse,client010,replay-attack,0.9998526085506786
devel__attack__fixed__attack_highdef_client010_session01_highdef_video_controlled,1,devel,video,fixed,controlled,client010,replay-attack,0.9997349002144553
devel__attack__fixed__attack_highdef_client015_session01_highdef_photo_adverse,1,devel,photo,fixed,adverse,client015,replay-attack,0.9996625293384899
devel__attack__fixed__attack_highdef_client015_session01_highdef_photo_controlled,1,devel,photo,fixed,controlled,client015,replay-attack,0.9995299902829257
devel__attack__fixed__attack_highdef_client015_session01_highdef_video_adverse,1,devel,video,fixed,adverse,client015,replay-attack,0.9997421990741383
devel__attack__fixed__attack_highdef_client015_session01_highdef_video_controlled,1,devel,video,fixed,controlled,client015,replay-attack,0.9995679530230436
devel__attack__fixed__attack_highdef_client017_session01_highdef_photo_adverse,1,devel,photo,fixed,adverse,client017,replay-attack,0.9997320012612776
devel__attack__fixed__attack_highdef_client017_session01_highdef_photo_controlled,1,devel,photo,fixed,controlled,client017,replay-attack,0.9996433041312478
devel__attack__fixed__attack_highdef_client017_session01_highdef_video_adverse,1,devel,video,fixed,adverse,client017,replay-attack,0.9996400529688055
devel__attack__fixed__attack_highdef_client017_session01_highdef_video_controlled,1,devel,video,fixed,controlled,client017,replay-attack,0.9987801259214227
devel__attack__fixed__attack_highdef_client022_session01_highdef_photo_adverse,1,devel,photo,fixed,adverse,client022,replay-attack,0.9997792514887723
devel__attack__fixed__attack_highdef_client022_session01_highdef_photo_controlled,1,devel,photo,fixed,controlled,client022,replay-attack,0.9995468313043768
devel__attack__fixed__attack_highdef_client022_session01_highdef_video_adverse,1,devel,video,fixed,adverse,client022,replay-attack,0.9997575770724904
devel__attack__fixed__attack_highdef_client022_session01_highdef_video_controlled,1,devel,video,fixed,controlled,client022,replay-attack,0.99946514042941
devel__attack__fixed__attack_highdef_client029_session01_highdef_photo_adverse,1,devel,photo,fixed,adverse,client029,replay-attack,0.9956714348359541
devel__attack__fixed__attack_highdef_client029_session01_highdef_photo_controlled,1,devel,photo,fixed,controlled,client029,replay-attack,0.9995132684707642
devel__attack__fixed__attack_highdef_client029_session01_highdef_video_adverse,1,devel,video,fixed,adverse,client029,replay-attack,0.9996681755239313
devel__attack__fixed__attack_highdef_client029_session01_highdef_video_controlled,1,devel,video,fixed,controlled,client029,replay-attack,0.999473978172649
devel__attack__fixed__attack_highdef_client030_session01_highdef_photo_adverse,1,devel,photo,fixed,adverse,client030,replay-attack,0.9998382546684959
devel__attack__fixed__attack_highdef_client030_session01_highdef_photo_controlled,1,devel,photo,fixed,controlled,client030,replay-attack,0.9994200142947111
devel__attack__fixed__attack_highdef_client030_session01_highdef_video_adverse,1,devel,video,fixed,adverse,client030,replay-attack,0.9998438141562722
devel__attack__fixed__attack_highdef_client030_session01_highdef_video_controlled,1,devel,video,fixed,controlled,client030,replay-attack,0.9996671134775336
devel__attack__fixed__attack_highdef_client101_session01_highdef_photo_adverse,1,devel,photo,fixed,adverse,client101,replay-attack,0.99974079023708
devel__attack__fixed__attack_highdef_client101_session01_highdef_photo_controlled,1,devel,photo,fixed,controlled,client101,replay-attack,0.9986462593078613
devel__attack__fixed__attack_highdef_client101_session01_highdef_video_adverse,1,devel,video,fixed,adverse,client101,replay-attack,0.9997478019107472
devel__attack__fixed__attack_highdef_client101_session01_highdef_video_controlled,1,devel,video,fixed,controlled,client101,replay-attack,0.9994905320080844
devel__attack__fixed__attack_highdef_client111_session01_highdef_photo_adverse,1,devel,photo,fixed,adverse,client111,replay-attack,0.9998227628794584
devel__attack__fixed__attack_highdef_client111_session01_highdef_photo_controlled,1,devel,photo,fixed,controlled,client111,replay-attack,0.9995484568855979
devel__attack__fixed__attack_highdef_client111_session01_highdef_video_adverse,1,devel,video,fixed,adverse,client111,replay-attack,0.9998238628560846
devel__attack__fixed__attack_highdef_client111_session01_highdef_video_controlled,1,devel,video,fixed,controlled,client111,replay-attack,0.9993866031820123
devel__attack__fixed__attack_highdef_client113_session01_highdef_photo_adverse,1,devel,photo,fixed,adverse,client113,replay-attack,0.9997906413945284
devel__attack__fixed__attack_highdef_client113_session01_highdef_photo_controlled,1,devel,photo,fixed,controlled,client113,replay-attack,0.9996349269693549
devel__attack__fixed__attack_highdef_client113_session01_highdef_video_adverse,1,devel,video,fixed,adverse,client113,replay-attack,0.9998370896686207
devel__attack__fixed__attack_highdef_client113_session01_highdef_video_controlled,1,devel,video,fixed,controlled,client113,replay-attack,0.999573290348053
devel__attack__fixed__attack_highdef_client114_session01_highdef_photo_adverse,1,devel,photo,fixed,adverse,client114,replay-attack,0.9998289238322865
devel__attack__fixed__attack_highdef_client114_session01_highdef_photo_controlled,1,devel,photo,fixed,controlled,client114,replay-attack,0.9993413307450034
devel__attack__fixed__attack_highdef_client114_session01_highdef_video_adverse,1,devel,video,fixed,adverse,client114,replay-attack,0.9997936324639753
devel__attack__fixed__attack_highdef_client114_session01_highdef_video_controlled,1,devel,video,fixed,controlled,client114,replay-attack,0.9997665827924554
devel__attack__fixed__attack_highdef_client116_session01_highdef_photo_adverse,1,devel,photo,fixed,adverse,client116,replay-attack,0.9996971054510637
devel__attack__fixed__attack_highdef_client116_session01_highdef_photo_controlled,1,devel,photo,fixed,controlled,client116,replay-attack,0.999635165387934
devel__attack__fixed__attack_highdef_client116_session01_highdef_video_adverse,1,devel,video,fixed,adverse,client116,replay-attack,0.9997399395162408
devel__attack__fixed__attack_highdef_client116_session01_highdef_video_controlled,1,devel,video,fixed,controlled,client116,replay-attack,0.9997763362797824
devel__attack__fixed__attack_highdef_client118_session01_highdef_photo_adverse,1,devel,photo,fixed,adverse,client118,replay-attack,0.9997970136729154
devel__attack__fixed__attack_highdef_client118_session01_highdef_photo_controlled,1,devel,photo,fixed,controlled,client118,replay-attack,0.9998226816003973
devel__attack__fixed__attack_highdef_client118_session01_highdef_video_adverse,1,devel,video,fixed,adverse,client118,replay-attack,0.9998346567153931
devel__attack__fixed__attack_highdef_client118_session01_highdef_video_controlled,1,devel,video,fixed,controlled,client118,replay-attack,0.9997057643803683
devel__attack__fixed__attack_highdef_client119_session01_highdef_photo_adverse,1,devel,photo,fixed,adverse,client119,replay-attack,0.9997415054928173
devel__attack__fixed__attack_highdef_client119_session01_highdef_photo_controlled,1,devel,photo,fixed,controlled,client119,replay-attack,0.999383194880052
devel__attack__fixed__attack_highdef_client119_session01_highdef_video_adverse,1,devel,video,fixed,adverse,client119,replay-attack,0.9998038519512523
devel__attack__fixed__attack_highdef_client119_session01_highdef_video_controlled,1,devel,video,fixed,controlled,client119,replay-attack,0.9992153969678012
devel__attack__fixed__attack_mobile_client003_session01_mobile_photo_adverse,1,devel,photo,fixed,adverse,client003,replay-attack,0.9996060132980347
devel__attack__fixed__attack_mobile_client003_session01_mobile_photo_controlled,1,devel,photo,fixed,controlled,client003,replay-attack,0.9997038082642988
devel__attack__fixed__attack_mobile_client003_session01_mobile_video_adverse,1,devel,video,fixed,adverse,client003,replay-attack,0.999669308012182
devel__attack__fixed__attack_mobile_client003_session01_mobile_video_controlled,1,devel,video,fixed,controlled,client003,replay-attack,0.9988220550797202
devel__attack__fixed__attack_mobile_client005_session01_mobile_photo_adverse,1,devel,photo,fixed,adverse,client005,replay-attack,0.9993024089119651
devel__attack__fixed__attack_mobile_client005_session01_mobile_photo_controlled,1,devel,photo,fixed,controlled,client005,replay-attack,0.9994673891500994
devel__attack__fixed__attack_mobile_client005_session01_mobile_video_adverse,1,devel,video,fixed,adverse,client005,replay-attack,0.9997747865590182
devel__attack__fixed__attack_mobile_client005_session01_mobile_video_controlled,1,devel,video,fixed,controlled,client005,replay-attack,0.9994165192950856
devel__attack__fixed__attack_mobile_client010_session01_mobile_photo_adverse,1,devel,photo,fixed,adverse,client010,replay-attack,0.9997275254943154
devel__attack__fixed__attack_mobile_client010_session01_mobile_photo_controlled,1,devel,photo,fixed,controlled,client010,replay-attack,0.999704203822396
devel__attack__fixed__attack_mobile_client010_session01_mobile_video_adverse,1,devel,video,fixed,adverse,client010,replay-attack,0.9996188066222451
devel__attack__fixed__attack_mobile_client010_session01_mobile_video_controlled,1,devel,video,fixed,controlled,client010,replay-attack,0.9996641007336703
devel__attack__fixed__attack_mobile_client015_session01_mobile_photo_adverse,1,devel,photo,fixed,adverse,client015,replay-attack,0.9998146241361444
devel__attack__fixed__attack_mobile_client015_session01_mobile_photo_controlled,1,devel,photo,fixed,controlled,client015,replay-attack,0.9996670592914928
devel__attack__fixed__attack_mobile_client015_session01_mobile_video_adverse,1,devel,video,fixed,adverse,client015,replay-attack,0.9997090805660594
devel__attack__fixed__attack_mobile_client015_session01_mobile_video_controlled,1,devel,video,fixed,controlled,client015,replay-attack,0.9996129653670571
devel__attack__fixed__attack_mobile_client017_session01_mobile_photo_adverse,1,devel,photo,fixed,adverse,client017,replay-attack,0.9997606440023943
devel__attack__fixed__attack_mobile_client017_session01_mobile_photo_controlled,1,devel,photo,fixed,controlled,client017,replay-attack,0.9997546401890841
devel__attack__fixed__attack_mobile_client017_session01_mobile_video_adverse,1,devel,video,fixed,adverse,client017,replay-attack,0.999798758463426
devel__attack__fixed__attack_mobile_client017_session01_mobile_video_controlled,1,devel,video,fixed,controlled,client017,replay-attack,0.9995565468614752
devel__attack__fixed__attack_mobile_client022_session01_mobile_photo_adverse,1,devel,photo,fixed,adverse,client022,replay-attack,0.9996564388275146
devel__attack__fixed__attack_mobile_client022_session01_mobile_photo_controlled,1,devel,photo,fixed,controlled,client022,replay-attack,0.9996707331050526
devel__attack__fixed__attack_mobile_client022_session01_mobile_video_adverse,1,devel,video,fixed,adverse,client022,replay-attack,0.9997773658145558
devel__attack__fixed__attack_mobile_client022_session01_mobile_video_controlled,1,devel,video,fixed,controlled,client022,replay-attack,0.999588364904577
devel__attack__fixed__attack_mobile_client029_session01_mobile_photo_adverse,1,devel,photo,fixed,adverse,client029,replay-attack,0.9997312426567078
devel__attack__fixed__attack_mobile_client029_session01_mobile_photo_controlled,1,devel,photo,fixed,controlled,client029,replay-attack,0.9996002858335321
devel__attack__fixed__attack_mobile_client029_session01_mobile_video_adverse,1,devel,video,fixed,adverse,client029,replay-attack,0.9998148517175154
devel__attack__fixed__attack_mobile_client029_session01_mobile_video_controlled,1,devel,video,fixed,controlled,client029,replay-attack,0.9993360421874307
devel__attack__fixed__attack_mobile_client030_session01_mobile_photo_adverse,1,devel,photo,fixed,adverse,client030,replay-attack,0.9993885972283103
devel__attack__fixed__attack_mobile_client030_session01_mobile_photo_controlled,1,devel,photo,fixed,controlled,client030,replay-attack,0.9997206980531866
devel__attack__fixed__attack_mobile_client030_session01_mobile_video_adverse,1,devel,video,fixed,adverse,client030,replay-attack,0.999752169305628
devel__attack__fixed__attack_mobile_client030_session01_mobile_video_controlled,1,devel,video,fixed,controlled,client030,replay-attack,0.9995544661175121
devel__attack__fixed__attack_mobile_client101_session01_mobile_photo_adverse,1,devel,photo,fixed,adverse,client101,replay-attack,0.9987349889495156
devel__attack__fixed__attack_mobile_client101_session01_mobile_photo_controlled,1,devel,photo,fixed,controlled,client101,replay-attack,0.9997077692638744
devel__attack__fixed__attack_mobile_client101_session01_mobile_video_adverse,1,devel,video,fixed,adverse,client101,replay-attack,0.9997008605436846
devel__attack__fixed__attack_mobile_client101_session01_mobile_video_controlled,1,devel,video,fixed,controlled,client101,replay-attack,0.9995843063701283
devel__attack__fixed__attack_mobile_client111_session01_mobile_photo_adverse,1,devel,photo,fixed,adverse,client111,replay-attack,0.9993219700726595
devel__attack__fixed__attack_mobile_client111_session01_mobile_photo_controlled,1,devel,photo,fixed,controlled,client111,replay-attack,0.9995823394168507
devel__attack__fixed__attack_mobile_client111_session01_mobile_video_adverse,1,devel,video,fixed,adverse,client111,replay-attack,0.9997461275620894
devel__attack__fixed__attack_mobile_client111_session01_mobile_video_controlled,1,devel,video,fixed,controlled,client111,replay-attack,0.9997571977702054
devel__attack__fixed__attack_mobile_client113_session01_mobile_photo_adverse,1,devel,photo,fixed,adverse,client113,replay-attack,0.9995423392816023
devel__attack__fixed__attack_mobile_client113_session01_mobile_photo_controlled,1,devel,photo,fixed,controlled,client113,replay-attack,0.9994411739436063
devel__attack__fixed__attack_mobile_client113_session01_mobile_video_adverse,1,devel,video,fixed,adverse,client113,replay-attack,0.9996823451735757
devel__attack__fixed__attack_mobile_client113_session01_mobile_video_controlled,1,devel,video,fixed,controlled,client113,replay-attack,0.9994684728709134
devel__attack__fixed__attack_mobile_client114_session01_mobile_photo_adverse,1,devel,photo,fixed,adverse,client114,replay-attack,0.9996684356169268
devel__attack__fixed__attack_mobile_client114_session01_mobile_photo_controlled,1,devel,photo,fixed,controlled,client114,replay-attack,0.9984839721159502
devel__attack__fixed__attack_mobile_client114_session01_mobile_video_adverse,1,devel,video,fixed,adverse,client114,replay-attack,0.9995850649746981
devel__attack__fixed__attack_mobile_client114_session01_mobile_video_controlled,1,devel,video,fixed,controlled,client114,replay-attack,0.9995687712322582
devel__attack__fixed__attack_mobile_client116_session01_mobile_photo_adverse,1,devel,photo,fixed,adverse,client116,replay-attack,0.9992997754703868
devel__attack__fixed__attack_mobile_client116_session01_mobile_photo_controlled,1,devel,photo,fixed,controlled,client116,replay-attack,0.9997987367890098
devel__attack__fixed__attack_mobile_client116_session01_mobile_video_adverse,1,devel,video,fixed,adverse,client116,replay-attack,0.9995712041854858
devel__attack__fixed__attack_mobile_client116_session01_mobile_video_controlled,1,devel,video,fixed,controlled,client116,replay-attack,0.9998513676903464
devel__attack__fixed__attack_mobile_client118_session01_mobile_photo_adverse,1,devel,photo,fixed,adverse,client118,replay-attack,0.9992798295888033
devel__attack__fixed__attack_mobile_client118_session01_mobile_photo_controlled,1,devel,photo,fixed,controlled,client118,replay-attack,0.999752321026542
devel__attack__fixed__attack_mobile_client118_session01_mobile_video_adverse,1,devel,video,fixed,adverse,client118,replay-attack,0.9997422749345953
devel__attack__fixed__attack_mobile_client118_session01_mobile_video_controlled,1,devel,video,fixed,controlled,client118,replay-attack,0.999632949178869
devel__attack__fixed__attack_mobile_client119_session01_mobile_photo_adverse,1,devel,photo,fixed,adverse,client119,replay-attack,0.9994782426140525
devel__attack__fixed__attack_mobile_client119_session01_mobile_photo_controlled,1,devel,photo,fixed,controlled,client119,replay-attack,0.9996689558029175
devel__attack__fixed__attack_mobile_client119_session01_mobile_video_adverse,1,devel,video,fixed,adverse,client119,replay-attack,0.9997178261930292
devel__attack__fixed__attack_mobile_client119_session01_mobile_video_controlled,1,devel,video,fixed,controlled,client119,replay-attack,0.9997706033966758
devel__attack__fixed__attack_print_client003_session01_highdef_photo_adverse,1,devel,photo,fixed,adverse,client003,replay-attack,0.9993789900432933
devel__attack__fixed__attack_print_client003_session01_highdef_photo_controlled,1,devel,photo,fixed,controlled,client003,replay-attack,0.9992319724776528
devel__attack__fixed__attack_print_client005_session01_highdef_photo_adverse,1,devel,photo,fixed,adverse,client005,replay-attack,0.9990321451967413
devel__attack__fixed__attack_print_client005_session01_highdef_photo_controlled,1,devel,photo,fixed,controlled,client005,replay-attack,0.9990597692402926
devel__attack__fixed__attack_print_client010_session01_highdef_photo_adverse,1,devel,photo,fixed,adverse,client010,replay-attack,0.9995993104847994
devel__attack__fixed__attack_print_client010_session01_highdef_photo_controlled,1,devel,photo,fixed,controlled,client010,replay-attack,0.9994596134532582
devel__attack__fixed__attack_print_client015_session01_highdef_photo_adverse,1,devel,photo,fixed,adverse,client015,replay-attack,0.9988718899813566
devel__attack__fixed__attack_print_client015_session01_highdef_photo_controlled,1,devel,photo,fixed,controlled,client015,replay-attack,0.9987740787592801
devel__attack__fixed__attack_print_client017_session01_highdef_photo_adverse,1,devel,photo,fixed,adverse,client017,replay-attack,0.9936555407264016
devel__attack__fixed__attack_print_client017_session01_highdef_photo_controlled,1,devel,photo,fixed,controlled,client017,replay-attack,0.9994034767150879
devel__attack__fixed__attack_print_client022_session01_highdef_photo_adverse,1,devel,photo,fixed,adverse,client022,replay-attack,0.9995600418611006
devel__attack__fixed__attack_print_client022_session01_highdef_photo_controlled,1,devel,photo,fixed,controlled,client022,replay-attack,0.9994829188693654
devel__attack__fixed__attack_print_client029_session01_highdef_photo_adverse,1,devel,photo,fixed,adverse,client029,replay-attack,0.9989020878618414
devel__attack__fixed__attack_print_client029_session01_highdef_photo_controlled,1,devel,photo,fixed,controlled,client029,replay-attack,0.9995782321149652
devel__attack__fixed__attack_print_client030_session01_highdef_photo_adverse,1,devel,photo,fixed,adverse,client030,replay-attack,0.9994450103152882
devel__attack__fixed__attack_print_client030_session01_highdef_photo_controlled,1,devel,photo,fixed,controlled,client030,replay-attack,0.9993596998128024
devel__attack__fixed__attack_print_client101_session01_highdef_photo_adverse,1,devel,photo,fixed,adverse,client101,replay-attack,0.9994635581970215
devel__attack__fixed__attack_print_client101_session01_highdef_photo_controlled,1,devel,photo,fixed,controlled,client101,replay-attack,0.9998161088336598
devel__attack__fixed__attack_print_client111_session01_highdef_photo_adverse,1,devel,photo,fixed,adverse,client111,replay-attack,0.9996248375285756
devel__attack__fixed__attack_print_client111_session01_highdef_photo_controlled,1,devel,photo,fixed,controlled,client111,replay-attack,0.9996315565976229
devel__attack__fixed__attack_print_client113_session01_highdef_photo_adverse,1,devel,photo,fixed,adverse,client113,replay-attack,0.9993875568563287
devel__attack__fixed__attack_print_client113_session01_highdef_photo_controlled,1,devel,photo,fixed,controlled,client113,replay-attack,0.9996995004740629
devel__attack__fixed__attack_print_client114_session01_highdef_photo_adverse,1,devel,photo,fixed,adverse,client114,replay-attack,0.9994771534746344
devel__attack__fixed__attack_print_client114_session01_highdef_photo_controlled,1,devel,photo,fixed,controlled,client114,replay-attack,0.9997894601388411
devel__attack__fixed__attack_print_client116_session01_highdef_photo_adverse,1,devel,photo,fixed,adverse,client116,replay-attack,0.9995190880515359
devel__attack__fixed__attack_print_client116_session01_highdef_photo_controlled,1,devel,photo,fixed,controlled,client116,replay-attack,0.9997212399135936
devel__attack__fixed__attack_print_client118_session01_highdef_photo_adverse,1,devel,photo,fixed,adverse,client118,replay-attack,0.9996596141295
devel__attack__fixed__attack_print_client118_session01_highdef_photo_controlled,1,devel,photo,fixed,controlled,client118,replay-attack,0.9997158104723151
devel__attack__fixed__attack_print_client119_session01_highdef_photo_adverse,1,devel,photo,fixed,adverse,client119,replay-attack,0.9995727701620623
devel__attack__fixed__attack_print_client119_session01_highdef_photo_controlled,1,devel,photo,fixed,controlled,client119,replay-attack,0.9996812560341575
devel__attack__hand__attack_highdef_client003_session01_highdef_photo_adverse,1,devel,photo,hand,adverse,client003,replay-attack,0.9997635429555719
devel__attack__hand__attack_highdef_client003_session01_highdef_photo_controlled,1,devel,photo,hand,controlled,client003,replay-attack,0.9989156343720176
devel__attack__hand__attack_highdef_client003_session01_highdef_video_adverse,1,devel,video,hand,adverse,client003,replay-attack,0.9997469566085122
devel__attack__hand__attack_highdef_client003_session01_highdef_video_controlled,1,devel,video,hand,controlled,client003,replay-attack,0.9995553385127675
devel__attack__hand__attack_highdef_client005_session01_highdef_photo_adverse,1,devel,photo,hand,adverse,client005,replay-attack,0.9996060620654713
devel__attack__hand__attack_highdef_client005_session01_highdef_photo_controlled,1,devel,photo,hand,controlled,client005,replay-attack,0.999072091145949
devel__attack__hand__attack_highdef_client005_session01_highdef_video_adverse,1,devel,video,hand,adverse,client005,replay-attack,0.9997020147063516
devel__attack__hand__attack_highdef_client005_session01_highdef_video_controlled,1,devel,video,hand,controlled,client005,replay-attack,0.9664793935689059
devel__attack__hand__attack_highdef_client010_session01_highdef_photo_adverse,1,devel,photo,hand,adverse,client010,replay-attack,0.9994192231785167
devel__attack__hand__attack_highdef_client010_session01_highdef_photo_controlled,1,devel,photo,hand,controlled,client010,replay-attack,0.9975748549808156
devel__attack__hand__attack_highdef_client010_session01_highdef_video_adverse,1,devel,video,hand,adverse,client010,replay-attack,0.9996648864312605
devel__attack__hand__attack_highdef_client010_session01_highdef_video_controlled,1,devel,video,hand,controlled,client010,replay-attack,0.9991247708147223
devel__attack__hand__attack_highdef_client015_session01_highdef_photo_adverse,1,devel,photo,hand,adverse,client015,replay-attack,0.9831502004103227
devel__attack__hand__attack_highdef_client015_session01_highdef_photo_controlled,1,devel,photo,hand,controlled,client015,replay-attack,0.9995675683021545
devel__attack__hand__attack_highdef_client015_session01_highdef_video_adverse,1,devel,video,hand,adverse,client015,replay-attack,0.9995869939977472
devel__attack__hand__attack_highdef_client015_session01_highdef_video_controlled,1,devel,video,hand,controlled,client015,replay-attack,0.9993965517390858
devel__attack__hand__attack_highdef_client017_session01_highdef_photo_adverse,1,devel,photo,hand,adverse,client017,replay-attack,0.9976139447905801
devel__attack__hand__attack_highdef_client017_session01_highdef_photo_controlled,1,devel,photo,hand,controlled,client017,replay-attack,0.9912501194260337
devel__attack__hand__attack_highdef_client017_session01_highdef_video_adverse,1,devel,video,hand,adverse,client017,replay-attack,0.999377429485321
devel__attack__hand__attack_highdef_client017_session01_highdef_video_controlled,1,devel,video,hand,controlled,client017,replay-attack,0.9773956157944419
devel__attack__hand__attack_highdef_client022_session01_highdef_photo_adverse,1,devel,photo,hand,adverse,client022,replay-attack,0.9987153194167397
devel__attack__hand__attack_highdef_client022_session01_highdef_photo_controlled,1,devel,photo,hand,controlled,client022,replay-attack,0.9882115071470087
devel__attack__hand__attack_highdef_client022_session01_highdef_video_adverse,1,devel,video,hand,adverse,client022,replay-attack,0.9996062083677812
devel__attack__hand__attack_highdef_client022_session01_highdef_video_controlled,1,devel,video,hand,controlled,client022,replay-attack,0.9975149902430448
devel__attack__hand__attack_highdef_client029_session01_highdef_photo_adverse,1,devel,photo,hand,adverse,client029,replay-attack,0.9720387133685026
devel__attack__hand__attack_highdef_client029_session01_highdef_photo_controlled,1,devel,photo,hand,controlled,client029,replay-attack,0.9974325516007163
devel__attack__hand__attack_highdef_client029_session01_highdef_video_adverse,1,devel,video,hand,adverse,client029,replay-attack,0.9994128942489624
devel__attack__hand__attack_highdef_client029_session01_highdef_video_controlled,1,devel,video,hand,controlled,client029,replay-attack,0.9965147213502363
devel__attack__hand__attack_highdef_client030_session01_highdef_photo_adverse,1,devel,photo,hand,adverse,client030,replay-attack,0.9993277137929742
devel__attack__hand__attack_highdef_client030_session01_highdef_photo_controlled,1,devel,photo,hand,controlled,client030,replay-attack,0.9840657927773215
devel__attack__hand__attack_highdef_client030_session01_highdef_video_adverse,1,devel,video,hand,adverse,client030,replay-attack,0.999752711166035
devel__attack__hand__attack_highdef_client030_session01_highdef_video_controlled,1,devel,video,hand,controlled,client030,replay-attack,0.9988384734500538
devel__attack__hand__attack_highdef_client101_session01_highdef_photo_adverse,1,devel,photo,hand,adverse,client101,replay-attack,0.9995624206282876
devel__attack__hand__attack_highdef_client101_session01_highdef_photo_controlled,1,devel,photo,hand,controlled,client101,replay-attack,0.9995320005850359
devel__attack__hand__attack_highdef_client101_session01_highdef_video_adverse,1,devel,video,hand,adverse,client101,replay-attack,0.9996649406173013
devel__attack__hand__attack_highdef_client101_session01_highdef_video_controlled,1,devel,video,hand,controlled,client101,replay-attack,0.9985781474546953
devel__attack__hand__attack_highdef_client111_session01_highdef_photo_adverse,1,devel,photo,hand,adverse,client111,replay-attack,0.9997037757526744
devel__attack__hand__attack_highdef_client111_session01_highdef_photo_controlled,1,devel,photo,hand,controlled,client111,replay-attack,0.999390721321106
devel__attack__hand__attack_highdef_client111_session01_highdef_video_adverse,1,devel,video,hand,adverse,client111,replay-attack,0.9995680017904802
devel__attack__hand__attack_highdef_client111_session01_highdef_video_controlled,1,devel,video,hand,controlled,client111,replay-attack,0.9990449872883883
devel__attack__hand__attack_highdef_client113_session01_highdef_photo_adverse,1,devel,photo,hand,adverse,client113,replay-attack,0.9998150901360945
devel__attack__hand__attack_highdef_client113_session01_highdef_photo_controlled,1,devel,photo,hand,controlled,client113,replay-attack,0.9996850707314231
devel__attack__hand__attack_highdef_client113_session01_highdef_video_adverse,1,devel,video,hand,adverse,client113,replay-attack,0.9997408931905573
devel__attack__hand__attack_highdef_client113_session01_highdef_video_controlled,1,devel,video,hand,controlled,client113,replay-attack,0.9938445037061517
devel__attack__hand__attack_highdef_client114_session01_highdef_photo_adverse,1,devel,photo,hand,adverse,client114,replay-attack,0.9996698715470054
devel__attack__hand__attack_highdef_client114_session01_highdef_photo_controlled,1,devel,photo,hand,controlled,client114,replay-attack,0.9995793971148405
devel__attack__hand__attack_highdef_client114_session01_highdef_video_adverse,1,devel,video,hand,adverse,client114,replay-attack,0.999685054475611
devel__attack__hand__attack_highdef_client114_session01_highdef_video_controlled,1,devel,video,hand,controlled,client114,replay-attack,0.9992436441508207
devel__attack__hand__attack_highdef_client116_session01_highdef_photo_adverse,1,devel,photo,hand,adverse,client116,replay-attack,0.9998123429038308
devel__attack__hand__attack_highdef_client116_session01_highdef_photo_controlled,1,devel,photo,hand,controlled,client116,replay-attack,0.9996904297308489
devel__attack__hand__attack_highdef_client116_session01_highdef_video_adverse,1,devel,video,hand,adverse,client116,replay-attack,0.9997615380720659
devel__attack__hand__attack_highdef_client116_session01_highdef_video_controlled,1,devel,video,hand,controlled,client116,replay-attack,0.9996092807162892
devel__attack__hand__attack_highdef_client118_session01_highdef_photo_adverse,1,devel,photo,hand,adverse,client118,replay-attack,0.9997616139325228
devel__attack__hand__attack_highdef_client118_session01_highdef_photo_controlled,1,devel,photo,hand,controlled,client118,replay-attack,0.999769926071167
devel__attack__hand__attack_highdef_client118_session01_highdef_video_adverse,1,devel,video,hand,adverse,client118,replay-attack,0.9997610233046792
devel__attack__hand__attack_highdef_client118_session01_highdef_video_controlled,1,devel,video,hand,controlled,client118,replay-attack,0.9998144236477938
devel__attack__hand__attack_highdef_client119_session01_highdef_photo_adverse,1,devel,photo,hand,adverse,client119,replay-attack,0.9998368566686456
devel__attack__hand__attack_highdef_client119_session01_highdef_photo_controlled,1,devel,photo,hand,controlled,client119,replay-attack,0.9997938925569708
devel__attack__hand__attack_highdef_client119_session01_highdef_video_adverse,1,devel,video,hand,adverse,client119,replay-attack,0.9998184767636386
devel__attack__hand__attack_highdef_client119_session01_highdef_video_controlled,1,devel,video,hand,controlled,client119,replay-attack,0.9997642690485175
devel__attack__hand__attack_mobile_client003_session01_mobile_photo_adverse,1,devel,photo,hand,adverse,client003,replay-attack,0.9994681369174611
devel__attack__hand__attack_mobile_client003_session01_mobile_photo_controlled,1,devel,photo,hand,controlled,client003,replay-attack,0.9997104677287015
devel__attack__hand__attack_mobile_client003_session01_mobile_video_adverse,1,devel,video,hand,adverse,client003,replay-attack,0.9996918927539479
devel__attack__hand__attack_mobile_client003_session01_mobile_video_controlled,1,devel,video,hand,controlled,client003,replay-attack,0.999734721400521
devel__attack__hand__attack_mobile_client005_session01_mobile_photo_adverse,1,devel,photo,hand,adverse,client005,replay-attack,0.9996109821579673
devel__attack__hand__attack_mobile_client005_session01_mobile_photo_controlled,1,devel,photo,hand,controlled,client005,replay-attack,0.9997292540290139
devel__attack__hand__attack_mobile_client005_session01_mobile_video_adverse,1,devel,video,hand,adverse,client005,replay-attack,0.9996178366921165
devel__attack__hand__attack_mobile_client005_session01_mobile_video_controlled,1,devel,video,hand,controlled,client005,replay-attack,0.9996321743184869
devel__attack__hand__attack_mobile_client010_session01_mobile_photo_adverse,1,devel,photo,hand,adverse,client010,replay-attack,0.9997982707890597
devel__attack__hand__attack_mobile_client010_session01_mobile_photo_controlled,1,devel,photo,hand,controlled,client010,replay-attack,0.9996660947799683
devel__attack__hand__attack_mobile_client010_session01_mobile_video_adverse,1,devel,video,hand,adverse,client010,replay-attack,0.9998245781118219
devel__attack__hand__attack_mobile_client010_session01_mobile_video_controlled,1,devel,video,hand,controlled,client010,replay-attack,0.9997062357989225
devel__attack__hand__attack_mobile_client015_session01_mobile_photo_adverse,1,devel,photo,hand,adverse,client015,replay-attack,0.999564295465296
devel__attack__hand__attack_mobile_client015_session01_mobile_photo_controlled,1,devel,photo,hand,controlled,client015,replay-attack,0.999635019085624
devel__attack__hand__attack_mobile_client015_session01_mobile_video_adverse,1,devel,video,hand,adverse,client015,replay-attack,0.9997783899307251
devel__attack__hand__attack_mobile_client015_session01_mobile_video_controlled,1,devel,video,hand,controlled,client015,replay-attack,0.9997073682871732
devel__attack__hand__attack_mobile_client017_session01_mobile_photo_adverse,1,devel,photo,hand,adverse,client017,replay-attack,0.999645775014704
devel__attack__hand__attack_mobile_client017_session01_mobile_photo_controlled,1,devel,photo,hand,controlled,client017,replay-attack,0.9996479099447076
devel__attack__hand__attack_mobile_client017_session01_mobile_video_adverse,1,devel,video,hand,adverse,client017,replay-attack,0.9998141202059659
devel__attack__hand__attack_mobile_client017_session01_mobile_video_controlled,1,devel,video,hand,controlled,client017,replay-attack,0.9997466477480802
devel__attack__hand__attack_mobile_client022_session01_mobile_photo_adverse,1,devel,photo,hand,adverse,client022,replay-attack,0.9996245774355802
devel__attack__hand__attack_mobile_client022_session01_mobile_photo_controlled,1,devel,photo,hand,controlled,client022,replay-attack,0.9997025023807179
devel__attack__hand__attack_mobile_client022_session01_mobile_video_adverse,1,devel,video,hand,adverse,client022,replay-attack,0.9993841973218051
devel__attack__hand__attack_mobile_client022_session01_mobile_video_controlled,1,devel,video,hand,controlled,client022,replay-attack,0.9997310800985857
devel__attack__hand__attack_mobile_client029_session01_mobile_photo_adverse,1,devel,photo,hand,adverse,client029,replay-attack,0.9992289922454141
devel__attack__hand__attack_mobile_client029_session01_mobile_photo_controlled,1,devel,photo,hand,controlled,client029,replay-attack,0.9996653686870228
devel__attack__hand__attack_mobile_client029_session01_mobile_video_adverse,1,devel,video,hand,adverse,client029,replay-attack,0.9997780919075012
devel__attack__hand__attack_mobile_client029_session01_mobile_video_controlled,1,devel,video,hand,controlled,client029,replay-attack,0.999698893590407
devel__attack__hand__attack_mobile_client030_session01_mobile_photo_adverse,1,devel,photo,hand,adverse,client030,replay-attack,0.999812283299186
devel__attack__hand__attack_mobile_client030_session01_mobile_photo_controlled,1,devel,photo,hand,controlled,client030,replay-attack,0.9997384439815175
devel__attack__hand__attack_mobile_client030_session01_mobile_video_adverse,1,devel,video,hand,adverse,client030,replay-attack,0.9996551762927662
devel__attack__hand__attack_mobile_client030_session01_mobile_video_controlled,1,devel,video,hand,controlled,client030,replay-attack,0.9995215860280123
devel__attack__hand__attack_mobile_client101_session01_mobile_photo_adverse,1,devel,photo,hand,adverse,client101,replay-attack,0.9997457970272411
devel__attack__hand__attack_mobile_client101_session01_mobile_photo_controlled,1,devel,photo,hand,controlled,client101,replay-attack,0.999788376418027
devel__attack__hand__attack_mobile_client101_session01_mobile_video_adverse,1,devel,video,hand,adverse,client101,replay-attack,0.9996502995491028
devel__attack__hand__attack_mobile_client101_session01_mobile_video_controlled,1,devel,video,hand,controlled,client101,replay-attack,0.9996439435265281
devel__attack__hand__attack_mobile_client111_session01_mobile_photo_adverse,1,devel,photo,hand,adverse,client111,replay-attack,0.9995261322368275
devel__attack__hand__attack_mobile_client111_session01_mobile_photo_controlled,1,devel,photo,hand,controlled,client111,replay-attack,0.999607958576896
devel__attack__hand__attack_mobile_client111_session01_mobile_video_adverse,1,devel,video,hand,adverse,client111,replay-attack,0.999673686244271
devel__attack__hand__attack_mobile_client111_session01_mobile_video_controlled,1,devel,video,hand,controlled,client111,replay-attack,0.9997291239825162
devel__attack__hand__attack_mobile_client113_session01_mobile_photo_adverse,1,devel,photo,hand,adverse,client113,replay-attack,0.9996415972709656
devel__attack__hand__attack_mobile_client113_session01_mobile_photo_controlled,1,devel,photo,hand,controlled,client113,replay-attack,0.9997375065630133
devel__attack__hand__attack_mobile_client113_session01_mobile_video_adverse,1,devel,video,hand,adverse,client113,replay-attack,0.9996167042038657
devel__attack__hand__attack_mobile_client113_session01_mobile_video_controlled,1,devel,video,hand,controlled,client113,replay-attack,0.9997275850989602
devel__attack__hand__attack_mobile_client114_session01_mobile_photo_adverse,1,devel,photo,hand,adverse,client114,replay-attack,0.9997149055654352
devel__attack__hand__attack_mobile_client114_session01_mobile_photo_controlled,1,devel,photo,hand,controlled,client114,replay-attack,0.9997265609827909
devel__attack__hand__attack_mobile_client114_session01_mobile_video_adverse,1,devel,video,hand,adverse,client114,replay-attack,0.9995522173968229
devel__attack__hand__attack_mobile_client114_session01_mobile_video_controlled,1,devel,video,hand,controlled,client114,replay-attack,0.9997552037239075
devel__attack__hand__attack_mobile_client116_session01_mobile_photo_adverse,1,devel,photo,hand,adverse,client116,replay-attack,0.9997889507900585
devel__attack__hand__attack_mobile_client116_session01_mobile_photo_controlled,1,devel,photo,hand,controlled,client116,replay-attack,0.9998292381113226
devel__attack__hand__attack_mobile_client116_session01_mobile_video_adverse,1,devel,video,hand,adverse,client116,replay-attack,0.9996286630630493
devel__attack__hand__attack_mobile_client116_session01_mobile_video_controlled,1,devel,video,hand,controlled,client116,replay-attack,0.9997410882603038
devel__attack__hand__attack_mobile_client118_session01_mobile_photo_adverse,1,devel,photo,hand,adverse,client118,replay-attack,0.99967576156963
devel__attack__hand__attack_mobile_client118_session01_mobile_photo_controlled,1,devel,photo,hand,controlled,client118,replay-attack,0.9997608770023693
devel__attack__hand__attack_mobile_client118_session01_mobile_video_adverse,1,devel,video,hand,adverse,client118,replay-attack,0.9996112964370034
devel__attack__hand__attack_mobile_client118_session01_mobile_video_controlled,1,devel,video,hand,controlled,client118,replay-attack,0.999434460293163
devel__attack__hand__attack_mobile_client119_session01_mobile_photo_adverse,1,devel,photo,hand,adverse,client119,replay-attack,0.999750099398873
devel__attack__hand__attack_mobile_client119_session01_mobile_photo_controlled,1,devel,photo,hand,controlled,client119,replay-attack,0.9998016628352079
devel__attack__hand__attack_mobile_client119_session01_mobile_video_adverse,1,devel,video,hand,adverse,client119,replay-attack,0.9997227679599415
devel__attack__hand__attack_mobile_client119_session01_mobile_video_controlled,1,devel,video,hand,controlled,client119,replay-attack,0.9997099421241067
devel__attack__hand__attack_print_client003_session01_highdef_photo_adverse,1,devel,photo,hand,adverse,client003,replay-attack,0.9996579885482788
devel__attack__hand__attack_print_client003_session01_highdef_photo_controlled,1,devel,photo,hand,controlled,client003,replay-attack,0.9982726790688254
devel__attack__hand__attack_print_client005_session01_highdef_photo_adverse,1,devel,photo,hand,adverse,client005,replay-attack,0.999507183378393
devel__attack__hand__attack_print_client005_session01_highdef_photo_controlled,1,devel,photo,hand,controlled,client005,replay-attack,0.9993859366937117
devel__attack__hand__attack_print_client010_session01_highdef_photo_adverse,1,devel,photo,hand,adverse,client010,replay-attack,0.9997164281931791
devel__attack__hand__attack_print_client010_session01_highdef_photo_controlled,1,devel,photo,hand,controlled,client010,replay-attack,0.9996587471528486
devel__attack__hand__attack_print_client015_session01_highdef_photo_adverse,1,devel,photo,hand,adverse,client015,replay-attack,0.9997028491713784
devel__attack__hand__attack_print_client015_session01_highdef_photo_controlled,1,devel,photo,hand,controlled,client015,replay-attack,0.9967654239047657
devel__attack__hand__attack_print_client017_session01_highdef_photo_adverse,1,devel,photo,hand,adverse,client017,replay-attack,0.9994508082216437
devel__attack__hand__attack_print_client017_session01_highdef_photo_controlled,1,devel,photo,hand,controlled,client017,replay-attack,0.9993504990230907
devel__attack__hand__attack_print_client022_session01_highdef_photo_adverse,1,devel,photo,hand,adverse,client022,replay-attack,0.9994757067073475
devel__attack__hand__attack_print_client022_session01_highdef_photo_controlled,1,devel,photo,hand,controlled,client022,replay-attack,0.9991133429787376
devel__attack__hand__attack_print_client029_session01_highdef_photo_adverse,1,devel,photo,hand,adverse,client029,replay-attack,0.9996625293384899
devel__attack__hand__attack_print_client029_session01_highdef_photo_controlled,1,devel,photo,hand,controlled,client029,replay-attack,0.9994018023664301
devel__attack__hand__attack_print_client030_session01_highdef_photo_adverse,1,devel,photo,hand,adverse,client030,replay-attack,0.999398329041221
devel__attack__hand__attack_print_client030_session01_highdef_photo_controlled,1,devel,photo,hand,controlled,client030,replay-attack,0.9991281032562256
devel__attack__hand__attack_print_client101_session01_highdef_photo_adverse,1,devel,photo,hand,adverse,client101,replay-attack,0.9988260811025446
devel__attack__hand__attack_print_client101_session01_highdef_photo_controlled,1,devel,photo,hand,controlled,client101,replay-attack,0.9988983327692206
devel__attack__hand__attack_print_client111_session01_highdef_photo_adverse,1,devel,photo,hand,adverse,client111,replay-attack,0.998940028927543
devel__attack__hand__attack_print_client111_session01_highdef_photo_controlled,1,devel,photo,hand,controlled,client111,replay-attack,0.9995083754712885
devel__attack__hand__attack_print_client113_session01_highdef_photo_adverse,1,devel,photo,hand,adverse,client113,replay-attack,0.999208537015048
devel__attack__hand__attack_print_client113_session01_highdef_photo_controlled,1,devel,photo,hand,controlled,client113,replay-attack,0.9993591742082075
devel__attack__hand__attack_print_client114_session01_highdef_photo_adverse,1,devel,photo,hand,adverse,client114,replay-attack,0.9997526678172025
devel__attack__hand__attack_print_client114_session01_highdef_photo_controlled,1,devel,photo,hand,controlled,client114,replay-attack,0.9996474114331332
devel__attack__hand__attack_print_client116_session01_highdef_photo_adverse,1,devel,photo,hand,adverse,client116,replay-attack,0.9990660006349737
devel__attack__hand__attack_print_client116_session01_highdef_photo_controlled,1,devel,photo,hand,controlled,client116,replay-attack,0.999496579170227
devel__attack__hand__attack_print_client118_session01_highdef_photo_adverse,1,devel,photo,hand,adverse,client118,replay-attack,0.9988884275609796
devel__attack__hand__attack_print_client118_session01_highdef_photo_controlled,1,devel,photo,hand,controlled,client118,replay-attack,0.998796983198686
devel__attack__hand__attack_print_client119_session01_highdef_photo_adverse,1,devel,photo,hand,adverse,client119,replay-attack,0.9929621002890847
devel__attack__hand__attack_print_client119_session01_highdef_photo_controlled,1,devel,photo,hand,controlled,client119,replay-attack,0.9986952272328463
devel__real__real__client003_session01_webcam_authenticate_adverse_1,0,devel,real,real,adverse,client003,replay-attack,0.0032504749145697465
devel__real__real__client003_session01_webcam_authenticate_adverse_2,0,devel,real,real,adverse,client003,replay-attack,0.0031618387015028434
devel__real__real__client003_session01_webcam_authenticate_controlled_1,0,devel,real,real,controlled,client003,replay-attack,0.0025669852779670196
devel__real__real__client003_session01_webcam_authenticate_controlled_2,0,devel,real,real,controlled,client003,replay-attack,0.002516204470091245
devel__real__real__client005_session01_webcam_authenticate_adverse_1,0,devel,real,real,adverse,client005,replay-attack,0.0031017535789446397
devel__real__real__client005_session01_webcam_authenticate_adverse_2,0,devel,real,real,adverse,client005,replay-attack,0.004775991875000976
devel__real__real__client005_session01_webcam_authenticate_controlled_1,0,devel,real,real,controlled,client005,replay-attack,0.014963146214458075
devel__real__real__client005_session01_webcam_authenticate_controlled_2,0,devel,real,real,controlled,client005,replay-attack,0.01186254256489602
devel__real__real__client010_session01_webcam_authenticate_adverse_1,0,devel,real,real,adverse,client010,replay-attack,0.002710982014171102
devel__real__real__client010_session01_webcam_authenticate_adverse_2,0,devel,real,real,adverse,client010,replay-attack,0.00344944053160196
devel__real__real__client010_session01_webcam_authenticate_controlled_1,0,devel,real,real,controlled,client010,replay-attack,0.0127788187766617
devel__real__real__client010_session01_webcam_authenticate_controlled_2,0,devel,real,real,controlled,client010,replay-attack,0.0073804881593043156
devel__real__real__client015_session01_webcam_authenticate_adverse_1,0,devel,real,real,adverse,client015,replay-attack,0.012475737624547699
devel__real__real__client015_session01_webcam_authenticate_adverse_2,0,devel,real,real,adverse,client015,replay-attack,0.010440934195437214
devel__real__real__client015_session01_webcam_authenticate_controlled_1,0,devel,real,real,controlled,client015,replay-attack,0.006548531903800639
devel__real__real__client015_session01_webcam_authenticate_controlled_2,0,devel,real,real,controlled,client015,replay-attack,0.015500298912890932
devel__real__real__client017_session01_webcam_authenticate_adverse_1,0,devel,real,real,adverse,client017,replay-attack,0.0017543292117559097
devel__real__real__client017_session01_webcam_authenticate_adverse_2,0,devel,real,real,adverse,client017,replay-attack,0.0015567635630511425
devel__real__real__client017_session01_webcam_authenticate_controlled_1,0,devel,real,real,controlled,client017,replay-attack,0.003049227028069171
devel__real__real__client017_session01_webcam_authenticate_controlled_2,0,devel,real,real,controlled,client017,replay-attack,0.004890956577252258
devel__real__real__client022_session01_webcam_authenticate_adverse_1,0,devel,real,real,adverse,client022,replay-attack,0.003914239393039184
devel__real__real__client022_session01_webcam_authenticate_adverse_2,0,devel,real,real,adverse,client022,replay-attack,0.0034360432447018948
devel__real__real__client022_session01_webcam_authenticate_controlled_1,0,devel,real,real,controlled,client022,replay-attack,0.028088197112083435
devel__real__real__client022_session01_webcam_authenticate_controlled_2,0,devel,real,real,controlled,client022,replay-attack,0.032363534651019356
devel__real__real__client029_session01_webcam_authenticate_adverse_1,0,devel,real,real,adverse,client029,replay-attack,0.0022640714252536945
devel__real__real__client029_session01_webcam_authenticate_adverse_2,0,devel,real,real,adverse,client029,replay-attack,0.0025801607830957933
devel__real__real__client029_session01_webcam_authenticate_controlled_1,0,devel,real,real,controlled,client029,replay-attack,0.006315398537977176
devel__real__real__client029_session01_webcam_authenticate_controlled_2,0,devel,real,real,controlled,client029,replay-attack,0.0024579847654835744
devel__real__real__client030_session01_webcam_authenticate_adverse_1,0,devel,real,real,adverse,client030,replay-attack,0.0021481621502475305
devel__real__real__client030_session01_webcam_authenticate_adverse_2,0,devel,real,real,adverse,client030,replay-attack,0.0022219969383017583
devel__real__real__client030_session01_webcam_authenticate_controlled_1,0,devel,real,real,controlled,client030,replay-attack,0.0018848265224898403
devel__real__real__client030_session01_webcam_authenticate_controlled_2,0,devel,real,real,controlled,client030,replay-attack,0.0022573864764787936
devel__real__real__client101_session01_webcam_authenticate_adverse_1,0,devel,real,real,adverse,client101,replay-attack,0.002555809407071634
devel__real__real__client101_session01_webcam_authenticate_adverse_2,0,devel,real,real,adverse,client101,replay-attack,0.002535980702801184
devel__real__real__client101_session01_webcam_authenticate_controlled_1,0,devel,real,real,controlled,client101,replay-attack,0.014728953384540298
devel__real__real__client101_session01_webcam_authenticate_controlled_2,0,devel,real,real,controlled,client101,replay-attack,0.00806423280896111
devel__real__real__client111_session01_webcam_authenticate_adverse_1,0,devel,real,real,adverse,client111,replay-attack,0.001423075234263458
devel__real__real__client111_session01_webcam_authenticate_adverse_2,0,devel,real,real,adverse,client111,replay-attack,0.0014134708008813586
devel__real__real__client111_session01_webcam_authenticate_controlled_1,0,devel,real,real,controlled,client111,replay-attack,0.003039658429439772
devel__real__real__client111_session01_webcam_authenticate_controlled_2,0,devel,real,real,controlled,client111,replay-attack,0.00418777484446764
devel__real__real__client113_session01_webcam_authenticate_adverse_1,0,devel,real,real,adverse,client113,replay-attack,0.003123793645169247
devel__real__real__client113_session01_webcam_authenticate_adverse_2,0,devel,real,real,adverse,client113,replay-attack,0.0029250631235878577
devel__real__real__client113_session01_webcam_authenticate_controlled_1,0,devel,real,real,controlled,client113,replay-attack,0.0019172968935560095
devel__real__real__client113_session01_webcam_authenticate_controlled_2,0,devel,real,real,controlled,client113,replay-attack,0.0018126082035120237
devel__real__real__client114_session01_webcam_authenticate_adverse_1,0,devel,real,real,adverse,client114,replay-attack,0.00842475670982491
devel__real__real__client114_session01_webcam_authenticate_adverse_2,0,devel,real,real,adverse,client114,replay-attack,0.006988226563077082
devel__real__real__client114_session01_webcam_authenticate_controlled_1,0,devel,real,real,controlled,client114,replay-attack,0.002386536258696155
devel__real__real__client114_session01_webcam_authenticate_controlled_2,0,devel,real,real,controlled,client114,replay-attack,0.0020165156932886352
devel__real__real__client116_session01_webcam_authenticate_adverse_1,0,devel,real,real,adverse,client116,replay-attack,0.0014150029217655008
devel__real__real__client116_session01_webcam_authenticate_adverse_2,0,devel,real,real,adverse,client116,replay-attack,0.0016994598554447293
devel__real__real__client116_session01_webcam_authenticate_controlled_1,0,devel,real,real,controlled,client116,replay-attack,0.009918589610606432
devel__real__real__client116_session01_webcam_authenticate_controlled_2,0,devel,real,real,controlled,client116,replay-attack,0.003460899376395074
devel__real__real__client118_session01_webcam_authenticate_adverse_1,0,devel,real,real,adverse,client118,replay-attack,0.0033069596287201753
devel__real__real__client118_session01_webcam_authenticate_adverse_2,0,devel,real,real,adverse,client118,replay-attack,0.0035190742716870523
devel__real__real__client118_session01_webcam_authenticate_controlled_1,0,devel,real,real,controlled,client118,replay-attack,0.00290440770120106
devel__real__real__client118_session01_webcam_authenticate_controlled_2,0,devel,real,real,controlled,client118,replay-attack,0.0019938956353474746
devel__real__real__client119_session01_webcam_authenticate_adverse_1,0,devel,real,real,adverse,client119,replay-attack,0.002226716965775598
devel__real__real__client119_session01_webcam_authenticate_adverse_2,0,devel,real,real,adverse,client119,replay-attack,0.002126011298969388
devel__real__real__client119_session01_webcam_authenticate_controlled_1,0,devel,real,real,controlled,client119,replay-attack,0.019541868855330078
devel__real__real__client119_session01_webcam_authenticate_controlled_2,0,devel,real,real,controlled,client119,replay-attack,0.00696272055872462
